,,,,,,,,,,,,,,,,,,,,,,,,,
,,,,Value (in EUR),,,Value (in GBP),,,Volume (in kg/l),,,Units,,,,,,,,,,,,
MARKET,CATEGORY,TYPE OF REFORMED MEAT,TYPE OF SAVOURY INGREDIENTS,MAT 18 end week42,MAT 19 end week42,MAT20 end week42,MAT 18 end week42,MAT 19 end week42,MAT20 end week42,MAT 18 end week42,MAT 19 end week42,MAT20 end week42,MAT 18 end week42,MAT 19 end week42,MAT20 end week42,,,,,,,,,,
"GROCERY + IMPULSE (excl. Aldi, Lidl)",READY MEALS - MEAT SUBS AMBIENT,,,"3,607,477","4,439,544","7,643,290","3,283,166","4,040,430","6,956,161","574,964","640,485","1,034,098","2,139,734","2,508,308","4,128,123",,,,,,,,,,
"GROCERY + IMPULSE (excl. Aldi, Lidl)",FRESH READY MEALS - MEAT SUBS,,,"138,968,533","174,387,513","263,678,396","126,475,302","158,710,127","239,973,785","14,725,698","16,629,189","24,972,062","63,529,656","76,360,391","109,068,007",,,,,,,,,,
"GROCERY + IMPULSE (excl. Aldi, Lidl)",FRESH READY MEALS - MEAT SUBS,SAUSAGE,,"34,245,101","36,375,539","52,632,870","31,166,476","33,105,389","47,901,190","3,742,741","3,756,666","6,020,861","16,799,104","16,490,629","22,576,819",,,,,,,,,,
"GROCERY + IMPULSE (excl. Aldi, Lidl)",FRESH READY MEALS - MEAT SUBS,SAUSAGE,QUORN,"23,028,622","21,084,160","13,522,644","20,958,356","19,188,700","12,306,963","2,540,091","2,149,982","1,391,533","12,617,924","10,877,183","7,466,085",,,,,,,,,,
"GROCERY + IMPULSE (excl. Aldi, Lidl)",FRESH READY MEALS - MEAT SUBS,SAUSAGE,VEGETABLE,"7,901,715","8,974,721","15,989,011","7,191,353","8,167,897","14,551,604","873,774","967,577","1,882,757","3,172,529","3,490,208","6,412,823",,,,,,,,,,
"GROCERY + IMPULSE (excl. Aldi, Lidl)",FRESH READY MEALS - MEAT SUBS,SAUSAGE,SOYA,"978,450","2,715,757","17,083,745","890,488","2,471,611","15,547,922","102,292","283,999","2,149,585","362,223","1,051,069","6,775,079",,,,,,,,,,
"GROCERY + IMPULSE (excl. Aldi, Lidl)",FRESH READY MEALS - MEAT SUBS,SAUSAGE,TOFU,"1,551,368","1,893,350","1,946,177","1,411,900","1,723,139","1,771,216","114,346","131,072","127,278","405,169","480,267","453,661",,,,,,,,,,
"GROCERY + IMPULSE (excl. Aldi, Lidl)",FRESH READY MEALS - MEAT SUBS,SAUSAGE,OTHER,"752,324","1,680,642","2,063,058","684,690","1,529,553","1,877,590","110,736","223,010","252,290","232,455","585,046","681,333",,,,,,,,,,
"GROCERY + IMPULSE (excl. Aldi, Lidl)",FRESH READY MEALS - MEAT SUBS,SAUSAGE,SEITAN,"32,622","26,909","5,741","29,689","24,490","5,225","1,502","1,027",238,"8,803","6,856","1,259",,,,,,,,,,
"GROCERY + IMPULSE (excl. Aldi, Lidl)",FRESH READY MEALS - MEAT SUBS,SAUSAGE,NOT DETERMINED,0,0,"2,022,492",0,0,"1,840,671",0,0,"217,181",0,0,"786,580",,,,,,,,,,
"GROCERY + IMPULSE (excl. Aldi, Lidl)",FRESH READY MEALS - MEAT SUBS,SLICES,,"22,558,018","27,978,467","36,411,826","20,530,059","25,463,211","33,138,414","1,419,952","1,668,299","2,092,330","11,802,205","15,308,117","17,164,835",,,,,,,,,,
"GROCERY + IMPULSE (excl. Aldi, Lidl)",FRESH READY MEALS - MEAT SUBS,SLICES,QUORN,"21,165,104","25,871,648","33,221,564","19,262,368","23,545,794","30,234,955","1,339,932","1,550,800","1,908,066","11,123,530","14,383,751","15,786,800",,,,,,,,,,
"GROCERY + IMPULSE (excl. Aldi, Lidl)",FRESH READY MEALS - MEAT SUBS,SLICES,TOFU,"426,950","1,128,594","1,030,640","388,567","1,027,134","937,986","23,298","61,643","48,807","149,349","395,147","312,862",,,,,,,,,,
"GROCERY + IMPULSE (excl. Aldi, Lidl)",FRESH READY MEALS - MEAT SUBS,SLICES,SOYA,"591,768","509,176","472,859","538,568","463,402","430,349","39,761","33,831","30,852","380,039","338,311","308,523",,,,,,,,,,
"GROCERY + IMPULSE (excl. Aldi, Lidl)",FRESH READY MEALS - MEAT SUBS,SLICES,OTHER,"340,911","428,690","851,059","310,263","390,151","774,550","15,697","20,217","59,286","136,212","173,580","400,420",,,,,,,,,,
"GROCERY + IMPULSE (excl. Aldi, Lidl)",FRESH READY MEALS - MEAT SUBS,SLICES,SEITAN,"31,017","24,365","252,088","28,229","22,175","229,425","1,152",798,"19,023","11,950","8,082","87,876",,,,,,,,,,
"GROCERY + IMPULSE (excl. Aldi, Lidl)",FRESH READY MEALS - MEAT SUBS,SLICES,NOT DETERMINED,0,"14,614","187,809",0,"13,300","170,925",0,939,"10,127",0,"8,535","92,063",,,,,,,,,,
"GROCERY + IMPULSE (excl. Aldi, Lidl)",FRESH READY MEALS - MEAT SUBS,SLICES,VEGETABLE,"2,268","1,380","46,333","2,064","1,256","42,168",112,71,"3,016","1,125",712,"30,164",,,,,,,,,,
"GROCERY + IMPULSE (excl. Aldi, Lidl)",FRESH READY MEALS - MEAT SUBS,SLICES,WHEAT,0,0,"349,475",0,0,"318,057",0,0,"13,152",0,0,"146,127",,,,,,,,,,
"GROCERY + IMPULSE (excl. Aldi, Lidl)",FRESH READY MEALS - MEAT SUBS,BLOCK,,"14,002,172","19,326,583","31,412,886","12,743,381","17,589,129","28,588,877","1,964,806","2,634,957","4,176,535","6,188,387","8,361,197","13,465,461",,,,,,,,,,
"GROCERY + IMPULSE (excl. Aldi, Lidl)",FRESH READY MEALS - MEAT SUBS,BLOCK,TOFU,"14,002,172","19,010,238","29,807,938","12,743,381","17,301,224","27,128,213","1,964,806","2,612,912","4,071,058","6,188,387","8,251,633","12,928,648",,,,,,,,,,
"GROCERY + IMPULSE (excl. Aldi, Lidl)",FRESH READY MEALS - MEAT SUBS,BLOCK,TEMPEH,0,"267,726","1,575,788",0,"243,658","1,434,125",0,"17,750","103,855",0,"89,474","520,627",,,,,,,,,,
"GROCERY + IMPULSE (excl. Aldi, Lidl)",FRESH READY MEALS - MEAT SUBS,BLOCK,OTHER,0,"37,045",94,0,"33,715",85,0,"3,683",9,0,"13,981",52,,,,,,,,,,
"GROCERY + IMPULSE (excl. Aldi, Lidl)",FRESH READY MEALS - MEAT SUBS,BLOCK,NOT DETERMINED,0,"11,503","29,067",0,"10,469","26,454",0,609,"1,613",0,"6,093","16,134",,,,,,,,,,
"GROCERY + IMPULSE (excl. Aldi, Lidl)",FRESH READY MEALS - MEAT SUBS,BLOCK,SOYA,0,71,0,0,65,0,0,3,0,0,17,0,,,,,,,,,,
"GROCERY + IMPULSE (excl. Aldi, Lidl)",FRESH READY MEALS - MEAT SUBS,MEAL,,"17,044,360","17,778,765","18,793,678","15,512,077","16,180,459","17,104,132","2,924,420","2,324,359","2,268,057","6,748,511","6,246,709","6,246,687",,,,,,,,,,
"GROCERY + IMPULSE (excl. Aldi, Lidl)",FRESH READY MEALS - MEAT SUBS,MEAL,QUORN,"15,336,326","14,691,328","10,010,047","13,957,594","13,370,582","9,110,147","2,709,768","1,984,388","1,299,709","6,185,774","5,305,390","3,487,275",,,,,,,,,,
"GROCERY + IMPULSE (excl. Aldi, Lidl)",FRESH READY MEALS - MEAT SUBS,MEAL,SOYA,"1,104,992","1,424,870","4,369,104","1,005,653","1,296,774","3,976,323","133,834","164,848","511,917","334,586","407,353","1,343,633",,,,,,,,,,
"GROCERY + IMPULSE (excl. Aldi, Lidl)",FRESH READY MEALS - MEAT SUBS,MEAL,VEGETABLE,"543,040","1,278,656","2,530,393","494,221","1,163,706","2,302,912","76,290","138,885","232,840","218,998","404,630","705,740",,,,,,,,,,
"GROCERY + IMPULSE (excl. Aldi, Lidl)",FRESH READY MEALS - MEAT SUBS,MEAL,TOFU,"52,799","237,080","1,682,920","48,052","215,766","1,531,626","3,825","22,330","203,023","5,816","52,765","612,428",,,,,,,,,,
"GROCERY + IMPULSE (excl. Aldi, Lidl)",FRESH READY MEALS - MEAT SUBS,MEAL,OTHER,"4,348","143,065","201,171","3,957","130,204","183,086",447,"13,595","20,564","2,481","75,529","97,599",,,,,,,,,,
"GROCERY + IMPULSE (excl. Aldi, Lidl)",FRESH READY MEALS - MEAT SUBS,MEAL,TEMPEH,"2,856","3,766",43,"2,599","3,428",40,257,313,4,856,"1,042",12,,,,,,,,,,
"GROCERY + IMPULSE (excl. Aldi, Lidl)",FRESH READY MEALS - MEAT SUBS,PIECES,,"10,448,300","14,313,205","24,636,180","9,509,001","13,026,452","22,421,394","834,354","1,032,593","1,705,453","3,843,086","5,132,733","8,487,227",,,,,,,,,,
"GROCERY + IMPULSE (excl. Aldi, Lidl)",FRESH READY MEALS - MEAT SUBS,PIECES,SOYA,"2,134,643","6,218,690","11,770,691","1,942,739","5,659,632","10,712,509","131,585","389,466","740,197","751,912","2,163,314","3,978,146",,,,,,,,,,
"GROCERY + IMPULSE (excl. Aldi, Lidl)",FRESH READY MEALS - MEAT SUBS,PIECES,TOFU,"5,334,993","5,177,484","5,964,622","4,855,379","4,712,030","5,428,404","329,416","320,969","371,532","2,025,642","1,988,705","2,310,662",,,,,,,,,,
"GROCERY + IMPULSE (excl. Aldi, Lidl)",FRESH READY MEALS - MEAT SUBS,PIECES,QUORN,"2,978,657","2,498,504","2,707,662","2,710,877","2,273,889","2,464,244","373,353","291,711","312,412","1,065,530","832,835","892,379",,,,,,,,,,
"GROCERY + IMPULSE (excl. Aldi, Lidl)",FRESH READY MEALS - MEAT SUBS,PIECES,TEMPEH,0,"254,006","374,616",0,"231,171","340,938",0,"15,115","23,844",0,"83,970","132,465",,,,,,,,,,
"GROCERY + IMPULSE (excl. Aldi, Lidl)",FRESH READY MEALS - MEAT SUBS,PIECES,SEITAN,0,"139,183","76,473",0,"126,671","69,598",0,"10,159","5,143",0,"46,664","39,696",,,,,,,,,,
"GROCERY + IMPULSE (excl. Aldi, Lidl)",FRESH READY MEALS - MEAT SUBS,PIECES,OTHER,0,"25,332","10,367",0,"23,054","9,435",0,"5,173","2,456",0,"17,243","8,186",,,,,,,,,,
"GROCERY + IMPULSE (excl. Aldi, Lidl)",FRESH READY MEALS - MEAT SUBS,PIECES,VEGETABLE,8,5,"2,211,558",7,5,"2,012,740",1,1,"133,256",3,2,"826,683",,,,,,,,,,
"GROCERY + IMPULSE (excl. Aldi, Lidl)",FRESH READY MEALS - MEAT SUBS,PIECES,NOT DETERMINED,0,0,"1,520,191",0,0,"1,383,526",0,0,"116,614",0,0,"299,011",,,,,,,,,,
"GROCERY + IMPULSE (excl. Aldi, Lidl)",FRESH READY MEALS - MEAT SUBS,EGGS,,"7,768,611","8,496,031","8,363,246","7,070,215","7,732,241","7,611,393","943,450","963,961","919,896","4,721,939","4,911,448","4,933,569",,,,,,,,,,
"GROCERY + IMPULSE (excl. Aldi, Lidl)",FRESH READY MEALS - MEAT SUBS,EGGS,QUORN,"7,768,611","8,496,031","8,363,246","7,070,215","7,732,241","7,611,393","943,450","963,961","919,896","4,721,939","4,911,448","4,933,569",,,,,,,,,,
"GROCERY + IMPULSE (excl. Aldi, Lidl)",FRESH READY MEALS - MEAT SUBS,ROLL,,"5,948,406","8,490,527","10,858,530","5,413,646","7,727,232","9,882,352","585,055","738,864","947,212","3,132,970","4,475,436","6,077,474",,,,,,,,,,
"GROCERY + IMPULSE (excl. Aldi, Lidl)",FRESH READY MEALS - MEAT SUBS,ROLL,QUORN,"5,912,741","6,373,006","5,843,391","5,381,187","5,800,075","5,318,072","581,464","584,380","548,418","3,106,549","3,075,588","2,826,300",,,,,,,,,,
"GROCERY + IMPULSE (excl. Aldi, Lidl)",FRESH READY MEALS - MEAT SUBS,ROLL,SOYA,"24,766","1,789,634","2,452,838","22,540","1,628,746","2,232,328","1,748","127,371","165,162","21,740","1,233,842","1,424,717",,,,,,,,,,
"GROCERY + IMPULSE (excl. Aldi, Lidl)",FRESH READY MEALS - MEAT SUBS,ROLL,VEGETABLE,"4,295","300,023","1,236,295","3,909","273,051","1,125,152","1,512","24,220","105,318","3,023","141,895","736,471",,,,,,,,,,
"GROCERY + IMPULSE (excl. Aldi, Lidl)",FRESH READY MEALS - MEAT SUBS,ROLL,OTHER,0,"26,016","1,144,235",0,"23,677","1,041,369",0,"2,688","113,277",0,"22,403","943,971",,,,,,,,,,
"GROCERY + IMPULSE (excl. Aldi, Lidl)",FRESH READY MEALS - MEAT SUBS,ROLL,NOT DETERMINED,0,"1,825","181,772",0,"1,661","165,431",0,204,"15,037",0,"1,703","146,016",,,,,,,,,,
"GROCERY + IMPULSE (excl. Aldi, Lidl)",FRESH READY MEALS - MEAT SUBS,ROLL,SEITAN,"6,603",24,0,"6,010",22,0,332,1,0,"1,658",5,0,,,,,,,,,,
"GROCERY + IMPULSE (excl. Aldi, Lidl)",FRESH READY MEALS - MEAT SUBS,MINCE,,"5,438,490","7,163,230","13,920,836","4,949,571","6,519,258","12,669,357","668,859","830,479","1,567,208","1,945,877","2,444,442","4,836,894",,,,,,,,,,
"GROCERY + IMPULSE (excl. Aldi, Lidl)",FRESH READY MEALS - MEAT SUBS,MINCE,QUORN,"4,887,896","4,332,909","6,391,844","4,448,475","3,943,381","5,817,219","612,481","492,174","708,611","1,743,991","1,403,797","2,024,421",,,,,,,,,,
"GROCERY + IMPULSE (excl. Aldi, Lidl)",FRESH READY MEALS - MEAT SUBS,MINCE,SOYA,"538,243","2,449,584","6,588,082","489,855","2,229,367","5,995,815","54,878","291,749","745,467","195,527","875,538","2,430,247",,,,,,,,,,
"GROCERY + IMPULSE (excl. Aldi, Lidl)",FRESH READY MEALS - MEAT SUBS,MINCE,VEGETABLE,"12,351","257,095","543,466","11,240","233,982","494,609","1,500","28,535","62,980","6,359","119,231","221,928",,,,,,,,,,
"GROCERY + IMPULSE (excl. Aldi, Lidl)",FRESH READY MEALS - MEAT SUBS,MINCE,CHICKPEAS,0,"118,361","78,804",0,"107,721","71,720",0,"17,777","11,205",0,"44,443","28,012",,,,,,,,,,
"GROCERY + IMPULSE (excl. Aldi, Lidl)",FRESH READY MEALS - MEAT SUBS,MINCE,TEMPEH,0,"5,281",0,0,"4,806",0,0,244,0,0,"1,433",0,,,,,,,,,,
"GROCERY + IMPULSE (excl. Aldi, Lidl)",FRESH READY MEALS - MEAT SUBS,MINCE,NOT DETERMINED,0,0,"145,595",0,0,"132,506",0,0,"20,357",0,0,"54,834",,,,,,,,,,
"GROCERY + IMPULSE (excl. Aldi, Lidl)",FRESH READY MEALS - MEAT SUBS,MINCE,SEITAN,0,0,"173,045",0,0,"157,489",0,0,"18,588",0,0,"77,451",,,,,,,,,,
"GROCERY + IMPULSE (excl. Aldi, Lidl)",FRESH READY MEALS - MEAT SUBS,BURGER,,"3,560,559","6,676,212","14,033,245","3,240,466","6,076,023","12,771,660","271,577","504,338","1,099,679","1,455,615","2,469,623","4,962,480",,,,,,,,,,
"GROCERY + IMPULSE (excl. Aldi, Lidl)",FRESH READY MEALS - MEAT SUBS,BURGER,VEGETABLE,"826,893","2,521,913","7,987,941","752,556","2,295,194","7,269,827","59,772","188,744","639,103","298,429","932,984","2,869,944",,,,,,,,,,
"GROCERY + IMPULSE (excl. Aldi, Lidl)",FRESH READY MEALS - MEAT SUBS,BURGER,QUORN,"2,345,189","1,899,346","997,235","2,134,357","1,728,596","907,584","182,672","139,259","69,474","1,013,023","745,955","385,895",,,,,,,,,,
"GROCERY + IMPULSE (excl. Aldi, Lidl)",FRESH READY MEALS - MEAT SUBS,BURGER,SOYA,"366,721","1,221,102","3,890,426","333,753","1,111,325","3,540,678","27,623","112,590","321,962","136,615","516,578","1,402,981",,,,,,,,,,
"GROCERY + IMPULSE (excl. Aldi, Lidl)",FRESH READY MEALS - MEAT SUBS,BURGER,OTHER,612,"902,646","818,648",557,"821,499","745,052",32,"51,771","39,321",203,"221,313","173,823",,,,,,,,,,
"GROCERY + IMPULSE (excl. Aldi, Lidl)",FRESH READY MEALS - MEAT SUBS,BURGER,CHICKPEAS,0,"64,013",0,0,"58,258",0,0,"6,563",0,0,"28,911",0,,,,,,,,,,
"GROCERY + IMPULSE (excl. Aldi, Lidl)",FRESH READY MEALS - MEAT SUBS,BURGER,SEITAN,0,"52,418","170,744",0,"47,706","155,394",0,"4,366","16,045",0,"19,230","69,319",,,,,,,,,,
"GROCERY + IMPULSE (excl. Aldi, Lidl)",FRESH READY MEALS - MEAT SUBS,BURGER,TOFU,"21,143","14,773","25,177","19,243","13,445","22,914","1,477","1,046","1,439","7,346","4,652","5,934",,,,,,,,,,
"GROCERY + IMPULSE (excl. Aldi, Lidl)",FRESH READY MEALS - MEAT SUBS,BURGER,NOT DETERMINED,0,0,"143,074",0,0,"130,212",0,0,"12,336",0,0,"54,583",,,,,,,,,,
"GROCERY + IMPULSE (excl. Aldi, Lidl)",FRESH READY MEALS - MEAT SUBS,STEAK,,"4,235,372","5,449,317","6,804,798","3,854,614","4,959,425","6,193,049","299,820","362,374","450,867","1,525,017","1,831,530","2,213,398",,,,,,,,,,
"GROCERY + IMPULSE (excl. Aldi, Lidl)",FRESH READY MEALS - MEAT SUBS,STEAK,QUORN,"3,336,630","2,937,501","2,744,201","3,036,668","2,673,420","2,497,498","245,597","203,070","181,142","1,253,044","1,036,071","924,188",,,,,,,,,,
"GROCERY + IMPULSE (excl. Aldi, Lidl)",FRESH READY MEALS - MEAT SUBS,STEAK,SOYA,"843,232","2,420,667","2,619,925","767,425","2,203,050","2,384,395","51,417","153,540","161,033","257,087","767,698","805,166",,,,,,,,,,
"GROCERY + IMPULSE (excl. Aldi, Lidl)",FRESH READY MEALS - MEAT SUBS,STEAK,OTHER,"18,060","72,208","1,292,473","16,437","65,716","1,176,280","1,085","5,017","96,140","5,423","23,237","424,444",,,,,,,,,,
"GROCERY + IMPULSE (excl. Aldi, Lidl)",FRESH READY MEALS - MEAT SUBS,STEAK,SEITAN,"37,266","16,252","20,478","33,916","14,791","18,637","1,714",649,"2,080","9,404","3,703","9,316",,,,,,,,,,
"GROCERY + IMPULSE (excl. Aldi, Lidl)",FRESH READY MEALS - MEAT SUBS,STEAK,TOFU,185,"2,690","3,166",168,"2,448","2,882",7,98,116,59,821,968,,,,,,,,,,
"GROCERY + IMPULSE (excl. Aldi, Lidl)",FRESH READY MEALS - MEAT SUBS,STEAK,VEGETABLE,0,0,"124,556",0,0,"113,358",0,0,"10,356",0,0,"49,316",,,,,,,,,,
"GROCERY + IMPULSE (excl. Aldi, Lidl)",FRESH READY MEALS - MEAT SUBS,FILLET,,"4,679,825","3,740,039","4,224,179","4,259,110","3,403,811","3,844,427","292,974","231,627","301,090","1,939,658","1,506,402","1,629,240",,,,,,,,,,
"GROCERY + IMPULSE (excl. Aldi, Lidl)",FRESH READY MEALS - MEAT SUBS,FILLET,QUORN,"4,653,932","3,576,156","2,430,520","4,235,545","3,254,660","2,212,017","291,297","220,380","133,325","1,932,696","1,451,974","948,576",,,,,,,,,,
"GROCERY + IMPULSE (excl. Aldi, Lidl)",FRESH READY MEALS - MEAT SUBS,FILLET,OTHER,0,"78,359","63,788",0,"71,314","58,054",0,"4,406","3,651",0,"25,919","21,476",,,,,,,,,,
"GROCERY + IMPULSE (excl. Aldi, Lidl)",FRESH READY MEALS - MEAT SUBS,FILLET,SOYA,"2,316","57,340","1,675,403","2,108","52,186","1,524,785",273,"5,318","159,953",910,"21,271","639,806",,,,,,,,,,
"GROCERY + IMPULSE (excl. Aldi, Lidl)",FRESH READY MEALS - MEAT SUBS,FILLET,TOFU,"23,577","28,184","41,595","21,457","25,651","37,855","1,404","1,523","2,419","6,052","7,238","10,672",,,,,,,,,,
"GROCERY + IMPULSE (excl. Aldi, Lidl)",FRESH READY MEALS - MEAT SUBS,FILLET,VEGETABLE,0,0,"12,874",0,0,"11,717",0,0,"1,742",0,0,"8,711",,,,,,,,,,
"GROCERY + IMPULSE (excl. Aldi, Lidl)",FRESH READY MEALS - MEAT SUBS,MEATBALLS,,"1,180,088","3,652,016","6,850,645","1,073,998","3,323,701","6,234,774","105,435","342,626","694,572","440,954","1,434,008","2,683,566",,,,,,,,,,
"GROCERY + IMPULSE (excl. Aldi, Lidl)",FRESH READY MEALS - MEAT SUBS,MEATBALLS,SOYA,"1,174,238","3,462,585","4,479,856","1,068,675","3,151,299","4,077,118","104,910","323,887","393,552","438,333","1,369,271","1,677,989",,,,,,,,,,
"GROCERY + IMPULSE (excl. Aldi, Lidl)",FRESH READY MEALS - MEAT SUBS,MEATBALLS,OTHER,0,"127,313",0,0,"115,868",0,0,"10,582",0,0,"39,194",0,,,,,,,,,,
"GROCERY + IMPULSE (excl. Aldi, Lidl)",FRESH READY MEALS - MEAT SUBS,MEATBALLS,VEGETABLE,0,"59,346","1,758,367",0,"54,011","1,600,291",0,"7,853","233,839",0,"24,491","770,913",,,,,,,,,,
"GROCERY + IMPULSE (excl. Aldi, Lidl)",FRESH READY MEALS - MEAT SUBS,MEATBALLS,NOT DETERMINED,0,"2,772","108,593",0,"2,523","98,831",0,303,"11,091",0,"1,052","25,528",,,,,,,,,,
"GROCERY + IMPULSE (excl. Aldi, Lidl)",FRESH READY MEALS - MEAT SUBS,MEATBALLS,SEITAN,0,0,"503,829",0,0,"458,535",0,0,"56,090",0,0,"209,136",,,,,,,,,,
"GROCERY + IMPULSE (excl. Aldi, Lidl)",FRESH READY MEALS - MEAT SUBS,MEATBALLS,QUORN,"5,849",0,0,"5,324",0,0,524,0,0,"2,621",0,0,,,,,,,,,,
"GROCERY + IMPULSE (excl. Aldi, Lidl)",FRESH READY MEALS - MEAT SUBS,ESCALOPES,,"3,442,172","3,593,254","6,381,129","3,132,722","3,270,221","5,807,468","298,351","284,290","482,884","1,290,853","1,242,564","2,126,302",,,,,,,,,,
"GROCERY + IMPULSE (excl. Aldi, Lidl)",FRESH READY MEALS - MEAT SUBS,ESCALOPES,QUORN,"3,442,172","3,339,627","5,463,389","3,132,722","3,039,396","4,972,232","298,351","267,583","424,457","1,290,853","1,158,019","1,812,727",,,,,,,,,,
"GROCERY + IMPULSE (excl. Aldi, Lidl)",FRESH READY MEALS - MEAT SUBS,ESCALOPES,SOYA,0,"253,626","917,740",0,"230,826","835,236",0,"16,707","58,427",0,"84,545","313,575",,,,,,,,,,
"GROCERY + IMPULSE (excl. Aldi, Lidl)",FRESH READY MEALS - MEAT SUBS,BITES,,"354,818","2,527,135","3,663,607","322,920","2,299,946","3,334,250","25,648","199,432","284,364","154,820","1,104,358","1,815,300",,,,,,,,,,
"GROCERY + IMPULSE (excl. Aldi, Lidl)",FRESH READY MEALS - MEAT SUBS,BITES,QUORN,"108,685","1,589,764","1,876,530","98,914","1,446,845","1,707,830","8,066","127,652","128,911","44,811","709,178","1,050,794",,,,,,,,,,
"GROCERY + IMPULSE (excl. Aldi, Lidl)",FRESH READY MEALS - MEAT SUBS,BITES,SOYA,"233,184","740,716","664,879","212,221","674,126","605,107","17,050","54,648","46,450","94,797","303,601","259,199",,,,,,,,,,
"GROCERY + IMPULSE (excl. Aldi, Lidl)",FRESH READY MEALS - MEAT SUBS,BITES,TOFU,0,"184,811","1,068,279",0,"168,197","972,241",0,"16,493","100,335",0,"73,302","445,934",,,,,,,,,,
"GROCERY + IMPULSE (excl. Aldi, Lidl)",FRESH READY MEALS - MEAT SUBS,BITES,VEGETABLE,"12,949","11,844",0,"11,785","10,779",0,532,639,0,"15,212","18,276",0,,,,,,,,,,
"GROCERY + IMPULSE (excl. Aldi, Lidl)",FRESH READY MEALS - MEAT SUBS,BITES,NOT DETERMINED,0,0,"30,427",0,0,"27,691",0,0,"7,871",0,0,"32,795",,,,,,,,,,
"GROCERY + IMPULSE (excl. Aldi, Lidl)",FRESH READY MEALS - MEAT SUBS,BITES,OTHER,0,0,"23,493",0,0,"21,381",0,0,797,0,0,"26,578",,,,,,,,,,
"GROCERY + IMPULSE (excl. Aldi, Lidl)",FRESH READY MEALS - MEAT SUBS,OTHER,,"743,267","2,055,499","9,940,925","676,447","1,870,710","9,047,239","101,309","224,541","740,260","286,613","789,458","3,700,703",,,,,,,,,,
"GROCERY + IMPULSE (excl. Aldi, Lidl)",FRESH READY MEALS - MEAT SUBS,OTHER,OTHER,"313,806","963,521","1,440,513","285,595","876,900","1,311,011","22,398","75,049","89,242","103,983","377,793","599,754",,,,,,,,,,
"GROCERY + IMPULSE (excl. Aldi, Lidl)",FRESH READY MEALS - MEAT SUBS,OTHER,VEGETABLE,"402,461","647,033","1,368,742","366,280","588,865","1,245,692","77,296","116,378","185,554","173,081","248,717","559,273",,,,,,,,,,
"GROCERY + IMPULSE (excl. Aldi, Lidl)",FRESH READY MEALS - MEAT SUBS,OTHER,SOYA,"25,576","261,283","5,992,814","23,277","237,794","5,454,061","1,478","15,680","362,606","8,927","97,654","2,150,275",,,,,,,,,,
"GROCERY + IMPULSE (excl. Aldi, Lidl)",FRESH READY MEALS - MEAT SUBS,OTHER,CHICKPEAS,0,"152,853","198,775",0,"139,111","180,906",0,"15,292","20,867",0,"54,616","74,525",,,,,,,,,,
"GROCERY + IMPULSE (excl. Aldi, Lidl)",FRESH READY MEALS - MEAT SUBS,OTHER,NOT DETERMINED,0,"25,650","917,403",0,"23,344","834,929",0,"1,867","80,587",0,"9,336","309,995",,,,,,,,,,
"GROCERY + IMPULSE (excl. Aldi, Lidl)",FRESH READY MEALS - MEAT SUBS,OTHER,TOFU,"1,393","5,142","22,665","1,268","4,680","20,627",135,272,"1,404",611,"1,337","6,875",,,,,,,,,,
"GROCERY + IMPULSE (excl. Aldi, Lidl)",FRESH READY MEALS - MEAT SUBS,OTHER,QUORN,31,17,14,28,16,13,2,1,1,11,6,5,,,,,,,,,,
"GROCERY + IMPULSE (excl. Aldi, Lidl)",FRESH READY MEALS - MEAT SUBS,PIE,,"1,375,931","1,840,439","4,609,264","1,252,235","1,674,984","4,194,893","128,366","181,665","492,632","546,693","815,940","2,684,999",,,,,,,,,,
"GROCERY + IMPULSE (excl. Aldi, Lidl)",FRESH READY MEALS - MEAT SUBS,PIE,QUORN,"1,323,509","910,482","2,523,839","1,204,526","828,630","2,296,946","123,049","84,888","306,929","523,611","368,462","1,693,929",,,,,,,,,,
"GROCERY + IMPULSE (excl. Aldi, Lidl)",FRESH READY MEALS - MEAT SUBS,PIE,VEGETABLE,"31,546","497,170","1,642,384","28,710","452,475","1,494,735","2,867","39,925","135,185","10,832","163,220","697,283",,,,,,,,,,
"GROCERY + IMPULSE (excl. Aldi, Lidl)",FRESH READY MEALS - MEAT SUBS,PIE,OTHER,"20,877","419,296","10,289","19,000","381,601","9,364","2,450","55,759","1,822","12,250","278,795","9,108",,,,,,,,,,
"GROCERY + IMPULSE (excl. Aldi, Lidl)",FRESH READY MEALS - MEAT SUBS,PIE,NOT DETERMINED,0,"13,491","193,560",0,"12,278","176,159",0,"1,093","15,843",0,"5,463","79,217",,,,,,,,,,
"GROCERY + IMPULSE (excl. Aldi, Lidl)",FRESH READY MEALS - MEAT SUBS,PIE,WHEAT,0,0,"46,422",0,0,"42,248",0,0,"12,219",0,0,"66,770",,,,,,,,,,
"GROCERY + IMPULSE (excl. Aldi, Lidl)",FRESH READY MEALS - MEAT SUBS,PIE,TOFU,0,0,"3,350",0,0,"3,049",0,0,246,0,0,911,,,,,,,,,,
"GROCERY + IMPULSE (excl. Aldi, Lidl)",FRESH READY MEALS - MEAT SUBS,PIE,SOYA,0,0,"189,421",0,0,"172,392",0,0,"20,388",0,0,"137,781",,,,,,,,,,
"GROCERY + IMPULSE (excl. Aldi, Lidl)",FRESH READY MEALS - MEAT SUBS,NUGGETS,,"215,904","1,592,288","3,102,380","196,494","1,449,141","2,823,477","12,655","98,197","204,855","74,636","564,929","1,128,688",,,,,,,,,,
"GROCERY + IMPULSE (excl. Aldi, Lidl)",FRESH READY MEALS - MEAT SUBS,NUGGETS,SOYA,"215,904","1,487,476","1,861,255","196,494","1,353,752","1,693,929","12,655","91,447","123,919","74,636","530,195","711,572",,,,,,,,,,
"GROCERY + IMPULSE (excl. Aldi, Lidl)",FRESH READY MEALS - MEAT SUBS,NUGGETS,OTHER,0,"76,690","890,325",0,"69,796","810,285",0,"4,981","58,555",0,"24,905","292,776",,,,,,,,,,
"GROCERY + IMPULSE (excl. Aldi, Lidl)",FRESH READY MEALS - MEAT SUBS,NUGGETS,NOT DETERMINED,0,"28,121","350,800",0,"25,593","319,263",0,"1,769","22,381",0,"9,829","124,340",,,,,,,,,,
"GROCERY + IMPULSE (excl. Aldi, Lidl)",FRESH READY MEALS - MEAT SUBS,STRIPS,,"929,891","1,581,634","1,413,577","846,294","1,439,446","1,286,497","60,270","139,228","121,071","380,053","619,021","506,321",,,,,,,,,,
"GROCERY + IMPULSE (excl. Aldi, Lidl)",FRESH READY MEALS - MEAT SUBS,STRIPS,SOYA,"61,723","678,460","797,676","56,174","617,466","725,965","6,253","70,036","72,843","25,006","280,140","297,564",,,,,,,,,,
"GROCERY + IMPULSE (excl. Aldi, Lidl)",FRESH READY MEALS - MEAT SUBS,STRIPS,OTHER,"46,808","476,775","300,926","42,600","433,913","273,873","4,596","49,099","28,489","19,150","204,578","118,704",,,,,,,,,,
"GROCERY + IMPULSE (excl. Aldi, Lidl)",FRESH READY MEALS - MEAT SUBS,STRIPS,SEITAN,0,"320,875","53,336",0,"292,028","48,541",0,"14,461","2,300",0,"101,835","16,197",,,,,,,,,,
"GROCERY + IMPULSE (excl. Aldi, Lidl)",FRESH READY MEALS - MEAT SUBS,STRIPS,TEMPEH,"168,776","75,818","34,202","153,603","69,002","31,128","8,179","3,708","1,354","41,309","18,729","6,834",,,,,,,,,,
"GROCERY + IMPULSE (excl. Aldi, Lidl)",FRESH READY MEALS - MEAT SUBS,STRIPS,QUORN,"652,585","29,708",0,"593,917","27,037",0,"41,242","1,923",0,"294,588","13,739",0,,,,,,,,,,
"GROCERY + IMPULSE (excl. Aldi, Lidl)",FRESH READY MEALS - MEAT SUBS,STRIPS,VEGETABLE,0,0,"227,436",0,0,"206,990",0,0,"16,085",0,0,"67,022",,,,,,,,,,
"GROCERY + IMPULSE (excl. Aldi, Lidl)",FRESH READY MEALS - MEAT SUBS,CHUNKS,,"793,836","1,537,987","2,438,287","722,470","1,399,722","2,219,086","45,287","92,819","143,503","251,076","522,552","830,269",,,,,,,,,,
"GROCERY + IMPULSE (excl. Aldi, Lidl)",FRESH READY MEALS - MEAT SUBS,CHUNKS,SOYA,"475,752","959,940","1,800,540","432,982","873,642","1,638,672","24,076","50,418","94,150","144,425","299,175","574,511",,,,,,,,,,
"GROCERY + IMPULSE (excl. Aldi, Lidl)",FRESH READY MEALS - MEAT SUBS,CHUNKS,OTHER,"135,062","344,089","332,585","122,920","313,155","302,686","11,038","26,971","21,872","61,321","149,839","121,511",,,,,,,,,,
"GROCERY + IMPULSE (excl. Aldi, Lidl)",FRESH READY MEALS - MEAT SUBS,CHUNKS,TOFU,"162,939","164,708","179,115","148,291","149,901","163,013","9,329","10,753","16,216","41,108","47,864","72,074",,,,,,,,,,
"GROCERY + IMPULSE (excl. Aldi, Lidl)",FRESH READY MEALS - MEAT SUBS,CHUNKS,VEGETABLE,0,"55,678","18,790",0,"50,672","17,101",0,"4,112","1,337",0,"22,844","7,429",,,,,,,,,,
"GROCERY + IMPULSE (excl. Aldi, Lidl)",FRESH READY MEALS - MEAT SUBS,CHUNKS,SEITAN,"20,082","13,572","100,360","18,277","12,352","91,338",845,566,"9,242","4,222","2,830","51,311",,,,,,,,,,
"GROCERY + IMPULSE (excl. Aldi, Lidl)",FRESH READY MEALS - MEAT SUBS,CHUNKS,TEMPEH,0,0,"6,896",0,0,"6,276",0,0,687,0,0,"3,433",,,,,,,,,,
"GROCERY + IMPULSE (excl. Aldi, Lidl)",FRESH READY MEALS - MEAT SUBS,KIEV,,0,"213,210","3,131,993",0,"194,042","2,850,428",0,"17,325","252,791",0,"86,625","968,552",,,,,,,,,,
"GROCERY + IMPULSE (excl. Aldi, Lidl)",FRESH READY MEALS - MEAT SUBS,KIEV,SOYA,0,"213,210","2,722,073",0,"194,042","2,477,359",0,"17,325","204,920",0,"86,625","777,068",,,,,,,,,,
"GROCERY + IMPULSE (excl. Aldi, Lidl)",FRESH READY MEALS - MEAT SUBS,KIEV,VEGETABLE,0,0,"409,921",0,0,"373,069",0,0,"47,871",0,0,"191,484",,,,,,,,,,
"GROCERY + IMPULSE (excl. Aldi, Lidl)",FRESH READY MEALS - MEAT SUBS,FALAFEL,,"3,413","3,865","54,261","3,106","3,517","49,383",369,427,"5,940","1,589","1,975","29,210",,,,,,,,,,
"GROCERY + IMPULSE (excl. Aldi, Lidl)",FRESH READY MEALS - MEAT SUBS,FALAFEL,CHICKPEAS,"3,413","3,865","54,261","3,106","3,517","49,383",369,427,"5,940","1,589","1,975","29,210",,,,,,,,,,
"GROCERY + IMPULSE (excl. Aldi, Lidl)",FRESH READY MEALS - MEAT SUBS,TOFU,,0,"2,271",52,0,"2,067",47,0,124,3,0,695,14,,,,,,,,,,
"GROCERY + IMPULSE (excl. Aldi, Lidl)",FRESH READY MEALS - MEAT SUBS,TOFU,SOYA,0,"2,271",52,0,"2,067",47,0,124,3,0,695,14,,,,,,,,,,
"GROCERY + IMPULSE (excl. Aldi, Lidl)",FROZEN MEAT SUBS - READY MEALS,,,"165,886,777","190,068,798","230,977,754","150,973,604","172,981,669","210,212,922","26,519,064","29,485,954","30,542,170","83,622,529","92,993,387","97,222,478",,,,,,,,,,
"GROCERY + IMPULSE (excl. Aldi, Lidl)",FROZEN MEAT SUBS - READY MEALS,SAUSAGE,,"39,947,361","43,335,183","50,352,163","36,356,105","39,439,363","45,825,518","6,718,745","7,464,239","6,852,456","21,926,568","24,343,071","23,004,128",,,,,,,,,,
"GROCERY + IMPULSE (excl. Aldi, Lidl)",FROZEN MEAT SUBS - READY MEALS,MINCE,,"21,664,502","24,332,423","27,756,640","19,716,869","22,144,945","25,261,326","4,332,623","4,534,251","4,481,502","10,831,835","11,279,617","11,119,417",,,,,,,,,,
"GROCERY + IMPULSE (excl. Aldi, Lidl)",FROZEN MEAT SUBS - READY MEALS,BURGER,,"10,470,251","14,256,381","23,488,121","9,528,979","12,974,736","21,376,546","1,497,241","1,772,903","2,503,942","5,248,621","6,311,008","9,511,292",,,,,,,,,,
"GROCERY + IMPULSE (excl. Aldi, Lidl)",FROZEN MEAT SUBS - READY MEALS,PIECES,,"16,170,697","17,856,798","20,181,262","14,716,956","16,251,477","18,366,973","2,653,931","2,946,390","2,842,050","7,310,946","7,987,076","7,853,520",,,,,,,,,,
"GROCERY + IMPULSE (excl. Aldi, Lidl)",FROZEN MEAT SUBS - READY MEALS,NUGGETS,,"8,730,611","14,440,693","20,021,333","7,945,732","13,142,479","18,221,421","1,435,171","2,187,676","2,812,590","4,131,499","6,150,548","7,561,177",,,,,,,,,,
"GROCERY + IMPULSE (excl. Aldi, Lidl)",FROZEN MEAT SUBS - READY MEALS,QUARTERPOUNDER,,"15,648,665","16,017,025","18,857,972","14,241,855","14,577,099","17,162,646","2,144,853","2,226,535","2,044,399","8,614,760","9,133,719","8,847,462",,,,,,,,,,
"GROCERY + IMPULSE (excl. Aldi, Lidl)",FROZEN MEAT SUBS - READY MEALS,OTHER,,"9,710,751","11,187,195","14,572,151","8,837,757","10,181,470","13,262,119","1,204,892","1,353,268","1,758,821","4,155,819","4,628,100","5,568,277",,,,,,,,,,
"GROCERY + IMPULSE (excl. Aldi, Lidl)",FROZEN MEAT SUBS - READY MEALS,FILLET,,"6,570,923","8,508,031","10,066,076","5,980,199","7,743,162","9,161,139","918,925","1,037,383","1,021,545","3,309,072","3,939,321","4,099,925",,,,,,,,,,
"GROCERY + IMPULSE (excl. Aldi, Lidl)",FROZEN MEAT SUBS - READY MEALS,PIE,,"6,728,293","6,925,341","7,215,411","6,123,421","6,302,755","6,566,748","1,262,953","1,294,837","1,251,108","3,277,692","3,368,431","3,217,601",,,,,,,,,,
"GROCERY + IMPULSE (excl. Aldi, Lidl)",FROZEN MEAT SUBS - READY MEALS,MEATBALLS,,"4,512,356","4,951,904","6,750,809","4,106,697","4,506,729","6,143,914","745,741","747,417","946,311","2,394,901","2,458,066","3,085,556",,,,,,,,,,
"GROCERY + IMPULSE (excl. Aldi, Lidl)",FROZEN MEAT SUBS - READY MEALS,ROLL,,"3,784,010","3,989,516","5,980,483","3,443,829","3,630,860","5,442,839","736,070","803,589","1,201,005","1,831,201","1,934,183","2,793,889",,,,,,,,,,
"GROCERY + IMPULSE (excl. Aldi, Lidl)",FROZEN MEAT SUBS - READY MEALS,BITES,,"4,475,304","4,982,295","4,649,161","4,072,975","4,534,388","4,231,203","744,103","806,332","658,753","2,514,731","2,722,713","2,228,733",,,,,,,,,,
"GROCERY + IMPULSE (excl. Aldi, Lidl)",FROZEN MEAT SUBS - READY MEALS,ESCALOPES,,"3,350,361","3,978,285","4,622,487","3,049,165","3,620,639","4,206,927","401,463","483,423","497,050","1,670,392","2,012,603","2,068,690",,,,,,,,,,
"GROCERY + IMPULSE (excl. Aldi, Lidl)",FROZEN MEAT SUBS - READY MEALS,STRIPS,,"2,544,742","3,242,102","4,436,284","2,315,971","2,950,638","4,037,463","334,456","412,275","430,617","1,110,161","1,343,346","1,396,585",,,,,,,,,,
"GROCERY + IMPULSE (excl. Aldi, Lidl)",FROZEN MEAT SUBS - READY MEALS,MEAL,,"3,001,883","3,311,476","4,130,967","2,732,014","3,013,775","3,759,594","403,359","469,188","496,222","1,176,252","1,330,142","1,515,501",,,,,,,,,,
"GROCERY + IMPULSE (excl. Aldi, Lidl)",FROZEN MEAT SUBS - READY MEALS,SLICE,,"2,034,638","2,099,340","2,009,297","1,851,725","1,910,610","1,828,662","155,655","163,789","138,076","1,028,680","1,064,021","899,938",,,,,,,,,,
"GROCERY + IMPULSE (excl. Aldi, Lidl)",FROZEN MEAT SUBS - READY MEALS,FINGERS,,"2,153,632","2,035,584","1,827,690","1,960,022","1,852,586","1,663,381","164,411","161,426","145,264","822,053","812,137","730,988",,,,,,,,,,
"GROCERY + IMPULSE (excl. Aldi, Lidl)",FROZEN MEAT SUBS - READY MEALS,SHAPES,,"1,482,962","1,087,510","1,087,661","1,349,645","989,743","989,880","254,037","183,225","153,146","751,290","538,898","494,580",,,,,,,,,,
"GROCERY + IMPULSE (excl. Aldi, Lidl)",FROZEN MEAT SUBS - READY MEALS,STEAK,,"635,427","744,238","804,276","578,303","677,331","731,972","75,825","78,772","62,416","345,747","368,795","339,828",,,,,,,,,,
"GROCERY + IMPULSE (excl. Aldi, Lidl)",FROZEN MEAT SUBS - READY MEALS,KIEV,,"1,008,097","990,773","655,677","917,469","901,703","596,731","151,750","142,865","86,698","610,373","574,278","344,155",,,,,,,,,,
"GROCERY + IMPULSE (excl. Aldi, Lidl)",FROZEN MEAT SUBS - READY MEALS,SCHNITZEL,,"351,736","594,144","577,543","320,115","540,731","525,622","43,405","75,115","72,672","124,143","223,000","209,522",,,,,,,,,,
"GROCERY + IMPULSE (excl. Aldi, Lidl)",FROZEN MEAT SUBS - READY MEALS,GOUJONS,,0,"191,163","524,497",0,"173,978","477,345",0,"23,008","50,295",0,"91,299","206,318",,,,,,,,,,
"GROCERY + IMPULSE (excl. Aldi, Lidl)",FROZEN MEAT SUBS - READY MEALS,DIPPERS,,"909,574","1,011,396","409,791","827,804","920,472","372,951","139,454","118,051","35,233","435,794","379,016","125,396",,,,,,,,,,
"GROCERY + IMPULSE (excl. Aldi, Lidl)",FROZEN MEAT SUBS - READY MEALS,DRUMSTICK,,0,0,2,0,0,2,0,0,0,0,0,2,,,,,,,,,,
,,,,,,,,,,,,,,,,,,,,,,,,,
,,,,,,,,,,,,,,,,,,,,,,,,,
,,,,,,,,,,,,,,,,,,,,,,,,,
,,,,,,,,,,,,,,,,,,,,,,,,,
,,,,,,,,,,,,,,,,,,,,,,,,,
,,,,,,,,,,,,,,,,,,,,,,,,,
,,,,,,,,,,,,,,,,,,,,,,,,,
,,,,,,,,,,,,,,,,,,,,,,,,,
,,,,,,,,,,,,,,,,,,,,,,,,,
,,,,,,,,,,,,,,,,,,,,,,,,,
,,,,,,,,,,,,,,,,,,,,,,,,,
,,,,,,,,,,,,,,,,,,,,,,,,,
,,,,,,,,,,,,,,,,,,,,,,,,,
,,,,,,,,,,,,,,,,,,,,,,,,,
,,,,,,,,,,,,,,,,,,,,,,,,,
,,,,,,,,,,,,,,,,,,,,,,,,,
,,,,,,,,,,,,,,,,,,,,,,,,,
,,,,,,,,,,,,,,,,,,,,,,,,,
,,,,,,,,,,,,,,,,,,,,,,,,,
,,,,,,,,,,,,,,,,,,,,,,,,,
,,,,,,,,,,,,,,,,,,,,,,,,,
,,,,,,,,,,,,,,,,,,,,,,,,,
,,,,,,,,,,,,,,,,,,,,,,,,,
,,,,,,,,,,,,,,,,,,,,,,,,,
,,,,,,,,,,,,,,,,,,,,,,,,,
,,,,,,,,,,,,,,,,,,,,,,,,,
,,,,,,,,,,,,,,,,,,,,,,,,,
,,,,,,,,,,,,,,,,,,,,,,,,,
,,,,,,,,,,,,,,,,,,,,,,,,,
,,,,,,,,,,,,,,,,,,,,,,,,,
,,,,,,,,,,,,,,,,,,,,,,,,,
,,,,,,,,,,,,,,,,,,,,,,,,,
,,,,,,,,,,,,,,,,,,,,,,,,,
,,,,,,,,,,,,,,,,,,,,,,,,,
,,,,,,,,,,,,,,,,,,,,,,,,,
,,,,,,,,,,,,,,,,,,,,,,,,,
,,,,,,,,,,,,,,,,,,,,,,,,,
,,,,,,,,,,,,,,,,,,,,,,,,,
,,,,,,,,,,,,,,,,,,,,,,,,,
,,,,,,,,,,,,,,,,,,,,,,,,,
,,,,,,,,,,,,,,,,,,,,,,,,,
,,,,,,,,,,,,,,,,,,,,,,,,,
,,,,,,,,,,,,,,,,,,,,,,,,,
,,,,,,,,,,,,,,,,,,,,,,,,,
,,,,,,,,,,,,,,,,,,,,,,,,,
,,,,,,,,,,,,,,,,,,,,,,,,,
,,,,,,,,,,,,,,,,,,,,,,,,,
,,,,,,,,,,,,,,,,,,,,,,,,,
,,,,,,,,,,,,,,,,,,,,,,,,,
,,,,,,,,,,,,,,,,,,,,,,,,,
,,,,,,,,,,,,,,,,,,,,,,,,,
,,,,,,,,,,,,,,,,,,,,,,,,,
,,,,,,,,,,,,,,,,,,,,,,,,,
,,,,,,,,,,,,,,,,,,,,,,,,,
,,,,,,,,,,,,,,,,,,,,,,,,,
,,,,,,,,,,,,,,,,,,,,,,,,,
,,,,,,,,,,,,,,,,,,,,,,,,,
,,,,,,,,,,,,,,,,,,,,,,,,,
,,,,,,,,,,,,,,,,,,,,,,,,,
,,,,,,,,,,,,,,,,,,,,,,,,,
,,,,,,,,,,,,,,,,,,,,,,,,,
,,,,,,,,,,,,,,,,,,,,,,,,,
,,,,,,,,,,,,,,,,,,,,,,,,,
,,,,,,,,,,,,,,,,,,,,,,,,,
,,,,,,,,,,,,,,,,,,,,,,,,,
,,,,,,,,,,,,,,,,,,,,,,,,,
,,,,,,,,,,,,,,,,,,,,,,,,,
,,,,,,,,,,,,,,,,,,,,,,,,,
,,,,,,,,,,,,,,,,,,,,,,,,,
,,,,,,,,,,,,,,,,,,,,,,,,,
,,,,,,,,,,,,,,,,,,,,,,,,,
,,,,,,,,,,,,,,,,,,,,,,,,,
,,,,,,,,,,,,,,,,,,,,,,,,,
,,,,,,,,,,,,,,,,,,,,,,,,,
,,,,,,,,,,,,,,,,,,,,,,,,,
,,,,,,,,,,,,,,,,,,,,,,,,,
,,,,,,,,,,,,,,,,,,,,,,,,,
,,,,,,,,,,,,,,,,,,,,,,,,,
,,,,,,,,,,,,,,,,,,,,,,,,,
,,,,,,,,,,,,,,,,,,,,,,,,,
,,,,,,,,,,,,,,,,,,,,,,,,,
,,,,,,,,,,,,,,,,,,,,,,,,,
,,,,,,,,,,,,,,,,,,,,,,,,,
,,,,,,,,,,,,,,,,,,,,,,,,,
,,,,,,,,,,,,,,,,,,,,,,,,,
,,,,,,,,,,,,,,,,,,,,,,,,,
,,,,,,,,,,,,,,,,,,,,,,,,,
,,,,,,,,,,,,,,,,,,,,,,,,,
,,,,,,,,,,,,,,,,,,,,,,,,,
,,,,,,,,,,,,,,,,,,,,,,,,,
,,,,,,,,,,,,,,,,,,,,,,,,,
,,,,,,,,,,,,,,,,,,,,,,,,,
,,,,,,,,,,,,,,,,,,,,,,,,,
,,,,,,,,,,,,,,,,,,,,,,,,,
,,,,,,,,,,,,,,,,,,,,,,,,,
,,,,,,,,,,,,,,,,,,,,,,,,,
,,,,,,,,,,,,,,,,,,,,,,,,,
,,,,,,,,,,,,,,,,,,,,,,,,,
,,,,,,,,,,,,,,,,,,,,,,,,,
,,,,,,,,,,,,,,,,,,,,,,,,,
,,,,,,,,,,,,,,,,,,,,,,,,,
,,,,,,,,,,,,,,,,,,,,,,,,,
,,,,,,,,,,,,,,,,,,,,,,,,,
,,,,,,,,,,,,,,,,,,,,,,,,,
,,,,,,,,,,,,,,,,,,,,,,,,,
,,,,,,,,,,,,,,,,,,,,,,,,,
,,,,,,,,,,,,,,,,,,,,,,,,,
,,,,,,,,,,,,,,,,,,,,,,,,,
,,,,,,,,,,,,,,,,,,,,,,,,,
,,,,,,,,,,,,,,,,,,,,,,,,,
,,,,,,,,,,,,,,,,,,,,,,,,,
,,,,,,,,,,,,,,,,,,,,,,,,,
,,,,,,,,,,,,,,,,,,,,,,,,,
,,,,,,,,,,,,,,,,,,,,,,,,,
,,,,,,,,,,,,,,,,,,,,,,,,,
,,,,,,,,,,,,,,,,,,,,,,,,,
,,,,,,,,,,,,,,,,,,,,,,,,,
,,,,,,,,,,,,,,,,,,,,,,,,,
,,,,,,,,,,,,,,,,,,,,,,,,,
,,,,,,,,,,,,,,,,,,,,,,,,,
,,,,,,,,,,,,,,,,,,,,,,,,,
,,,,,,,,,,,,,,,,,,,,,,,,,
,,,,,,,,,,,,,,,,,,,,,,,,,
,,,,,,,,,,,,,,,,,,,,,,,,,
,,,,,,,,,,,,,,,,,,,,,,,,,
,,,,,,,,,,,,,,,,,,,,,,,,,
,,,,,,,,,,,,,,,,,,,,,,,,,
,,,,,,,,,,,,,,,,,,,,,,,,,
,,,,,,,,,,,,,,,,,,,,,,,,,
,,,,,,,,,,,,,,,,,,,,,,,,,
,,,,,,,,,,,,,,,,,,,,,,,,,
,,,,,,,,,,,,,,,,,,,,,,,,,
,,,,,,,,,,,,,,,,,,,,,,,,,
,,,,,,,,,,,,,,,,,,,,,,,,,
,,,,,,,,,,,,,,,,,,,,,,,,,
,,,,,,,,,,,,,,,,,,,,,,,,,
,,,,,,,,,,,,,,,,,,,,,,,,,
,,,,,,,,,,,,,,,,,,,,,,,,,
,,,,,,,,,,,,,,,,,,,,,,,,,
,,,,,,,,,,,,,,,,,,,,,,,,,
,,,,,,,,,,,,,,,,,,,,,,,,,
,,,,,,,,,,,,,,,,,,,,,,,,,
,,,,,,,,,,,,,,,,,,,,,,,,,
,,,,,,,,,,,,,,,,,,,,,,,,,
,,,,,,,,,,,,,,,,,,,,,,,,,
,,,,,,,,,,,,,,,,,,,,,,,,,
,,,,,,,,,,,,,,,,,,,,,,,,,
,,,,,,,,,,,,,,,,,,,,,,,,,
,,,,,,,,,,,,,,,,,,,,,,,,,
,,,,,,,,,,,,,,,,,,,,,,,,,
,,,,,,,,,,,,,,,,,,,,,,,,,
,,,,,,,,,,,,,,,,,,,,,,,,,
,,,,,,,,,,,,,,,,,,,,,,,,,
,,,,,,,,,,,,,,,,,,,,,,,,,
,,,,,,,,,,,,,,,,,,,,,,,,,
,,,,,,,,,,,,,,,,,,,,,,,,,
,,,,,,,,,,,,,,,,,,,,,,,,,
,,,,,,,,,,,,,,,,,,,,,,,,,
,,,,,,,,,,,,,,,,,,,,,,,,,
,,,,,,,,,,,,,,,,,,,,,,,,,
,,,,,,,,,,,,,,,,,,,,,,,,,
,,,,,,,,,,,,,,,,,,,,,,,,,
,,,,,,,,,,,,,,,,,,,,,,,,,
,,,,,,,,,,,,,,,,,,,,,,,,,
,,,,,,,,,,,,,,,,,,,,,,,,,
,,,,,,,,,,,,,,,,,,,,,,,,,
,,,,,,,,,,,,,,,,,,,,,,,,,
,,,,,,,,,,,,,,,,,,,,,,,,,
,,,,,,,,,,,,,,,,,,,,,,,,,
,,,,,,,,,,,,,,,,,,,,,,,,,
,,,,,,,,,,,,,,,,,,,,,,,,,
,,,,,,,,,,,,,,,,,,,,,,,,,
,,,,,,,,,,,,,,,,,,,,,,,,,
,,,,,,,,,,,,,,,,,,,,,,,,,
,,,,,,,,,,,,,,,,,,,,,,,,,
,,,,,,,,,,,,,,,,,,,,,,,,,
,,,,,,,,,,,,,,,,,,,,,,,,,
,,,,,,,,,,,,,,,,,,,,,,,,,
,,,,,,,,,,,,,,,,,,,,,,,,,
,,,,,,,,,,,,,,,,,,,,,,,,,
,,,,,,,,,,,,,,,,,,,,,,,,,
,,,,,,,,,,,,,,,,,,,,,,,,,
,,,,,,,,,,,,,,,,,,,,,,,,,
,,,,,,,,,,,,,,,,,,,,,,,,,
,,,,,,,,,,,,,,,,,,,,,,,,,
,,,,,,,,,,,,,,,,,,,,,,,,,
,,,,,,,,,,,,,,,,,,,,,,,,,
,,,,,,,,,,,,,,,,,,,,,,,,,
,,,,,,,,,,,,,,,,,,,,,,,,,
,,,,,,,,,,,,,,,,,,,,,,,,,
,,,,,,,,,,,,,,,,,,,,,,,,,
,,,,,,,,,,,,,,,,,,,,,,,,,
,,,,,,,,,,,,,,,,,,,,,,,,,
,,,,,,,,,,,,,,,,,,,,,,,,,
,,,,,,,,,,,,,,,,,,,,,,,,,
,,,,,,,,,,,,,,,,,,,,,,,,,
,,,,,,,,,,,,,,,,,,,,,,,,,
,,,,,,,,,,,,,,,,,,,,,,,,,
,,,,,,,,,,,,,,,,,,,,,,,,,
,,,,,,,,,,,,,,,,,,,,,,,,,
,,,,,,,,,,,,,,,,,,,,,,,,,
,,,,,,,,,,,,,,,,,,,,,,,,,
,,,,,,,,,,,,,,,,,,,,,,,,,
,,,,,,,,,,,,,,,,,,,,,,,,,
,,,,,,,,,,,,,,,,,,,,,,,,,
,,,,,,,,,,,,,,,,,,,,,,,,,
,,,,,,,,,,,,,,,,,,,,,,,,,
,,,,,,,,,,,,,,,,,,,,,,,,,
,,,,,,,,,,,,,,,,,,,,,,,,,
,,,,,,,,,,,,,,,,,,,,,,,,,
,,,,,,,,,,,,,,,,,,,,,,,,,
,,,,,,,,,,,,,,,,,,,,,,,,,
,,,,,,,,,,,,,,,,,,,,,,,,,
,,,,,,,,,,,,,,,,,,,,,,,,,
,,,,,,,,,,,,,,,,,,,,,,,,,
,,,,,,,,,,,,,,,,,,,,,,,,,
,,,,,,,,,,,,,,,,,,,,,,,,,
,,,,,,,,,,,,,,,,,,,,,,,,,
,,,,,,,,,,,,,,,,,,,,,,,,,
,,,,,,,,,,,,,,,,,,,,,,,,,
,,,,,,,,,,,,,,,,,,,,,,,,,
,,,,,,,,,,,,,,,,,,,,,,,,,
,,,,,,,,,,,,,,,,,,,,,,,,,
,,,,,,,,,,,,,,,,,,,,,,,,,
,,,,,,,,,,,,,,,,,,,,,,,,,
,,,,,,,,,,,,,,,,,,,,,,,,,
,,,,,,,,,,,,,,,,,,,,,,,,,
,,,,,,,,,,,,,,,,,,,,,,,,,
,,,,,,,,,,,,,,,,,,,,,,,,,
,,,,,,,,,,,,,,,,,,,,,,,,,
,,,,,,,,,,,,,,,,,,,,,,,,,
,,,,,,,,,,,,,,,,,,,,,,,,,
,,,,,,,,,,,,,,,,,,,,,,,,,
,,,,,,,,,,,,,,,,,,,,,,,,,
,,,,,,,,,,,,,,,,,,,,,,,,,
,,,,,,,,,,,,,,,,,,,,,,,,,
,,,,,,,,,,,,,,,,,,,,,,,,,
,,,,,,,,,,,,,,,,,,,,,,,,,
,,,,,,,,,,,,,,,,,,,,,,,,,
,,,,,,,,,,,,,,,,,,,,,,,,,
,,,,,,,,,,,,,,,,,,,,,,,,,
,,,,,,,,,,,,,,,,,,,,,,,,,
,,,,,,,,,,,,,,,,,,,,,,,,,
,,,,,,,,,,,,,,,,,,,,,,,,,
,,,,,,,,,,,,,,,,,,,,,,,,,
,,,,,,,,,,,,,,,,,,,,,,,,,
,,,,,,,,,,,,,,,,,,,,,,,,,
,,,,,,,,,,,,,,,,,,,,,,,,,
,,,,,,,,,,,,,,,,,,,,,,,,,
,,,,,,,,,,,,,,,,,,,,,,,,,
,,,,,,,,,,,,,,,,,,,,,,,,,
,,,,,,,,,,,,,,,,,,,,,,,,,
,,,,,,,,,,,,,,,,,,,,,,,,,
,,,,,,,,,,,,,,,,,,,,,,,,,
,,,,,,,,,,,,,,,,,,,,,,,,,
,,,,,,,,,,,,,,,,,,,,,,,,,
,,,,,,,,,,,,,,,,,,,,,,,,,
,,,,,,,,,,,,,,,,,,,,,,,,,
,,,,,,,,,,,,,,,,,,,,,,,,,
,,,,,,,,,,,,,,,,,,,,,,,,,
,,,,,,,,,,,,,,,,,,,,,,,,,
,,,,,,,,,,,,,,,,,,,,,,,,,
,,,,,,,,,,,,,,,,,,,,,,,,,
,,,,,,,,,,,,,,,,,,,,,,,,,
,,,,,,,,,,,,,,,,,,,,,,,,,
,,,,,,,,,,,,,,,,,,,,,,,,,
,,,,,,,,,,,,,,,,,,,,,,,,,
,,,,,,,,,,,,,,,,,,,,,,,,,
,,,,,,,,,,,,,,,,,,,,,,,,,
,,,,,,,,,,,,,,,,,,,,,,,,,
,,,,,,,,,,,,,,,,,,,,,,,,,
,,,,,,,,,,,,,,,,,,,,,,,,,
,,,,,,,,,,,,,,,,,,,,,,,,,
,,,,,,,,,,,,,,,,,,,,,,,,,
,,,,,,,,,,,,,,,,,,,,,,,,,
,,,,,,,,,,,,,,,,,,,,,,,,,
,,,,,,,,,,,,,,,,,,,,,,,,,
,,,,,,,,,,,,,,,,,,,,,,,,,
,,,,,,,,,,,,,,,,,,,,,,,,,
,,,,,,,,,,,,,,,,,,,,,,,,,
,,,,,,,,,,,,,,,,,,,,,,,,,
,,,,,,,,,,,,,,,,,,,,,,,,,
,,,,,,,,,,,,,,,,,,,,,,,,,
,,,,,,,,,,,,,,,,,,,,,,,,,
,,,,,,,,,,,,,,,,,,,,,,,,,
,,,,,,,,,,,,,,,,,,,,,,,,,
,,,,,,,,,,,,,,,,,,,,,,,,,
,,,,,,,,,,,,,,,,,,,,,,,,,
,,,,,,,,,,,,,,,,,,,,,,,,,
,,,,,,,,,,,,,,,,,,,,,,,,,
,,,,,,,,,,,,,,,,,,,,,,,,,
,,,,,,,,,,,,,,,,,,,,,,,,,
,,,,,,,,,,,,,,,,,,,,,,,,,
,,,,,,,,,,,,,,,,,,,,,,,,,
,,,,,,,,,,,,,,,,,,,,,,,,,
,,,,,,,,,,,,,,,,,,,,,,,,,
,,,,,,,,,,,,,,,,,,,,,,,,,
,,,,,,,,,,,,,,,,,,,,,,,,,
,,,,,,,,,,,,,,,,,,,,,,,,,
,,,,,,,,,,,,,,,,,,,,,,,,,
,,,,,,,,,,,,,,,,,,,,,,,,,
,,,,,,,,,,,,,,,,,,,,,,,,,
,,,,,,,,,,,,,,,,,,,,,,,,,
,,,,,,,,,,,,,,,,,,,,,,,,,
,,,,,,,,,,,,,,,,,,,,,,,,,
,,,,,,,,,,,,,,,,,,,,,,,,,
,,,,,,,,,,,,,,,,,,,,,,,,,
,,,,,,,,,,,,,,,,,,,,,,,,,
,,,,,,,,,,,,,,,,,,,,,,,,,
,,,,,,,,,,,,,,,,,,,,,,,,,
,,,,,,,,,,,,,,,,,,,,,,,,,
,,,,,,,,,,,,,,,,,,,,,,,,,
,,,,,,,,,,,,,,,,,,,,,,,,,
,,,,,,,,,,,,,,,,,,,,,,,,,
,,,,,,,,,,,,,,,,,,,,,,,,,
,,,,,,,,,,,,,,,,,,,,,,,,,
,,,,,,,,,,,,,,,,,,,,,,,,,
,,,,,,,,,,,,,,,,,,,,,,,,,
,,,,,,,,,,,,,,,,,,,,,,,,,
,,,,,,,,,,,,,,,,,,,,,,,,,
,,,,,,,,,,,,,,,,,,,,,,,,,
,,,,,,,,,,,,,,,,,,,,,,,,,
,,,,,,,,,,,,,,,,,,,,,,,,,
,,,,,,,,,,,,,,,,,,,,,,,,,
,,,,,,,,,,,,,,,,,,,,,,,,,
,,,,,,,,,,,,,,,,,,,,,,,,,
,,,,,,,,,,,,,,,,,,,,,,,,,
,,,,,,,,,,,,,,,,,,,,,,,,,
,,,,,,,,,,,,,,,,,,,,,,,,,
,,,,,,,,,,,,,,,,,,,,,,,,,
,,,,,,,,,,,,,,,,,,,,,,,,,
,,,,,,,,,,,,,,,,,,,,,,,,,
,,,,,,,,,,,,,,,,,,,,,,,,,
,,,,,,,,,,,,,,,,,,,,,,,,,
,,,,,,,,,,,,,,,,,,,,,,,,,
,,,,,,,,,,,,,,,,,,,,,,,,,
,,,,,,,,,,,,,,,,,,,,,,,,,
,,,,,,,,,,,,,,,,,,,,,,,,,
,,,,,,,,,,,,,,,,,,,,,,,,,
,,,,,,,,,,,,,,,,,,,,,,,,,
,,,,,,,,,,,,,,,,,,,,,,,,,
,,,,,,,,,,,,,,,,,,,,,,,,,
,,,,,,,,,,,,,,,,,,,,,,,,,
,,,,,,,,,,,,,,,,,,,,,,,,,
,,,,,,,,,,,,,,,,,,,,,,,,,
,,,,,,,,,,,,,,,,,,,,,,,,,
,,,,,,,,,,,,,,,,,,,,,,,,,
,,,,,,,,,,,,,,,,,,,,,,,,,
,,,,,,,,,,,,,,,,,,,,,,,,,
,,,,,,,,,,,,,,,,,,,,,,,,,
,,,,,,,,,,,,,,,,,,,,,,,,,
,,,,,,,,,,,,,,,,,,,,,,,,,
,,,,,,,,,,,,,,,,,,,,,,,,,
,,,,,,,,,,,,,,,,,,,,,,,,,
,,,,,,,,,,,,,,,,,,,,,,,,,
,,,,,,,,,,,,,,,,,,,,,,,,,
,,,,,,,,,,,,,,,,,,,,,,,,,
,,,,,,,,,,,,,,,,,,,,,,,,,
,,,,,,,,,,,,,,,,,,,,,,,,,
,,,,,,,,,,,,,,,,,,,,,,,,,
,,,,,,,,,,,,,,,,,,,,,,,,,
,,,,,,,,,,,,,,,,,,,,,,,,,
,,,,,,,,,,,,,,,,,,,,,,,,,
,,,,,,,,,,,,,,,,,,,,,,,,,
,,,,,,,,,,,,,,,,,,,,,,,,,
,,,,,,,,,,,,,,,,,,,,,,,,,
,,,,,,,,,,,,,,,,,,,,,,,,,
,,,,,,,,,,,,,,,,,,,,,,,,,
,,,,,,,,,,,,,,,,,,,,,,,,,
,,,,,,,,,,,,,,,,,,,,,,,,,
,,,,,,,,,,,,,,,,,,,,,,,,,
,,,,,,,,,,,,,,,,,,,,,,,,,
,,,,,,,,,,,,,,,,,,,,,,,,,
,,,,,,,,,,,,,,,,,,,,,,,,,
,,,,,,,,,,,,,,,,,,,,,,,,,
,,,,,,,,,,,,,,,,,,,,,,,,,
,,,,,,,,,,,,,,,,,,,,,,,,,
,,,,,,,,,,,,,,,,,,,,,,,,,
,,,,,,,,,,,,,,,,,,,,,,,,,
,,,,,,,,,,,,,,,,,,,,,,,,,
,,,,,,,,,,,,,,,,,,,,,,,,,
,,,,,,,,,,,,,,,,,,,,,,,,,
,,,,,,,,,,,,,,,,,,,,,,,,,
,,,,,,,,,,,,,,,,,,,,,,,,,
,,,,,,,,,,,,,,,,,,,,,,,,,
,,,,,,,,,,,,,,,,,,,,,,,,,
,,,,,,,,,,,,,,,,,,,,,,,,,
,,,,,,,,,,,,,,,,,,,,,,,,,
,,,,,,,,,,,,,,,,,,,,,,,,,
,,,,,,,,,,,,,,,,,,,,,,,,,
,,,,,,,,,,,,,,,,,,,,,,,,,
,,,,,,,,,,,,,,,,,,,,,,,,,
,,,,,,,,,,,,,,,,,,,,,,,,,
,,,,,,,,,,,,,,,,,,,,,,,,,
,,,,,,,,,,,,,,,,,,,,,,,,,
,,,,,,,,,,,,,,,,,,,,,,,,,
,,,,,,,,,,,,,,,,,,,,,,,,,
,,,,,,,,,,,,,,,,,,,,,,,,,
,,,,,,,,,,,,,,,,,,,,,,,,,
,,,,,,,,,,,,,,,,,,,,,,,,,
,,,,,,,,,,,,,,,,,,,,,,,,,
,,,,,,,,,,,,,,,,,,,,,,,,,
,,,,,,,,,,,,,,,,,,,,,,,,,
,,,,,,,,,,,,,,,,,,,,,,,,,
,,,,,,,,,,,,,,,,,,,,,,,,,
,,,,,,,,,,,,,,,,,,,,,,,,,
,,,,,,,,,,,,,,,,,,,,,,,,,
,,,,,,,,,,,,,,,,,,,,,,,,,
,,,,,,,,,,,,,,,,,,,,,,,,,
,,,,,,,,,,,,,,,,,,,,,,,,,
,,,,,,,,,,,,,,,,,,,,,,,,,
,,,,,,,,,,,,,,,,,,,,,,,,,
,,,,,,,,,,,,,,,,,,,,,,,,,
,,,,,,,,,,,,,,,,,,,,,,,,,
,,,,,,,,,,,,,,,,,,,,,,,,,
,,,,,,,,,,,,,,,,,,,,,,,,,
,,,,,,,,,,,,,,,,,,,,,,,,,
,,,,,,,,,,,,,,,,,,,,,,,,,
,,,,,,,,,,,,,,,,,,,,,,,,,
,,,,,,,,,,,,,,,,,,,,,,,,,
,,,,,,,,,,,,,,,,,,,,,,,,,
,,,,,,,,,,,,,,,,,,,,,,,,,
,,,,,,,,,,,,,,,,,,,,,,,,,
,,,,,,,,,,,,,,,,,,,,,,,,,
,,,,,,,,,,,,,,,,,,,,,,,,,
,,,,,,,,,,,,,,,,,,,,,,,,,
,,,,,,,,,,,,,,,,,,,,,,,,,
,,,,,,,,,,,,,,,,,,,,,,,,,
,,,,,,,,,,,,,,,,,,,,,,,,,
,,,,,,,,,,,,,,,,,,,,,,,,,
,,,,,,,,,,,,,,,,,,,,,,,,,
,,,,,,,,,,,,,,,,,,,,,,,,,
,,,,,,,,,,,,,,,,,,,,,,,,,
,,,,,,,,,,,,,,,,,,,,,,,,,
,,,,,,,,,,,,,,,,,,,,,,,,,
,,,,,,,,,,,,,,,,,,,,,,,,,
,,,,,,,,,,,,,,,,,,,,,,,,,
,,,,,,,,,,,,,,,,,,,,,,,,,
,,,,,,,,,,,,,,,,,,,,,,,,,
,,,,,,,,,,,,,,,,,,,,,,,,,
,,,,,,,,,,,,,,,,,,,,,,,,,
,,,,,,,,,,,,,,,,,,,,,,,,,
,,,,,,,,,,,,,,,,,,,,,,,,,
,,,,,,,,,,,,,,,,,,,,,,,,,
,,,,,,,,,,,,,,,,,,,,,,,,,
,,,,,,,,,,,,,,,,,,,,,,,,,
,,,,,,,,,,,,,,,,,,,,,,,,,
,,,,,,,,,,,,,,,,,,,,,,,,,
,,,,,,,,,,,,,,,,,,,,,,,,,
,,,,,,,,,,,,,,,,,,,,,,,,,
,,,,,,,,,,,,,,,,,,,,,,,,,
,,,,,,,,,,,,,,,,,,,,,,,,,
,,,,,,,,,,,,,,,,,,,,,,,,,
,,,,,,,,,,,,,,,,,,,,,,,,,
,,,,,,,,,,,,,,,,,,,,,,,,,
,,,,,,,,,,,,,,,,,,,,,,,,,
,,,,,,,,,,,,,,,,,,,,,,,,,
,,,,,,,,,,,,,,,,,,,,,,,,,
,,,,,,,,,,,,,,,,,,,,,,,,,
,,,,,,,,,,,,,,,,,,,,,,,,,
,,,,,,,,,,,,,,,,,,,,,,,,,
,,,,,,,,,,,,,,,,,,,,,,,,,
,,,,,,,,,,,,,,,,,,,,,,,,,
,,,,,,,,,,,,,,,,,,,,,,,,,
,,,,,,,,,,,,,,,,,,,,,,,,,
,,,,,,,,,,,,,,,,,,,,,,,,,
,,,,,,,,,,,,,,,,,,,,,,,,,
,,,,,,,,,,,,,,,,,,,,,,,,,
,,,,,,,,,,,,,,,,,,,,,,,,,
,,,,,,,,,,,,,,,,,,,,,,,,,
,,,,,,,,,,,,,,,,,,,,,,,,,
,,,,,,,,,,,,,,,,,,,,,,,,,
,,,,,,,,,,,,,,,,,,,,,,,,,
,,,,,,,,,,,,,,,,,,,,,,,,,
,,,,,,,,,,,,,,,,,,,,,,,,,
,,,,,,,,,,,,,,,,,,,,,,,,,
,,,,,,,,,,,,,,,,,,,,,,,,,
,,,,,,,,,,,,,,,,,,,,,,,,,
,,,,,,,,,,,,,,,,,,,,,,,,,
,,,,,,,,,,,,,,,,,,,,,,,,,
,,,,,,,,,,,,,,,,,,,,,,,,,
,,,,,,,,,,,,,,,,,,,,,,,,,
,,,,,,,,,,,,,,,,,,,,,,,,,
,,,,,,,,,,,,,,,,,,,,,,,,,
,,,,,,,,,,,,,,,,,,,,,,,,,
,,,,,,,,,,,,,,,,,,,,,,,,,
,,,,,,,,,,,,,,,,,,,,,,,,,
,,,,,,,,,,,,,,,,,,,,,,,,,
,,,,,,,,,,,,,,,,,,,,,,,,,
,,,,,,,,,,,,,,,,,,,,,,,,,
,,,,,,,,,,,,,,,,,,,,,,,,,
,,,,,,,,,,,,,,,,,,,,,,,,,
,,,,,,,,,,,,,,,,,,,,,,,,,
,,,,,,,,,,,,,,,,,,,,,,,,,
,,,,,,,,,,,,,,,,,,,,,,,,,
,,,,,,,,,,,,,,,,,,,,,,,,,
,,,,,,,,,,,,,,,,,,,,,,,,,
,,,,,,,,,,,,,,,,,,,,,,,,,
,,,,,,,,,,,,,,,,,,,,,,,,,
,,,,,,,,,,,,,,,,,,,,,,,,,
,,,,,,,,,,,,,,,,,,,,,,,,,
,,,,,,,,,,,,,,,,,,,,,,,,,
,,,,,,,,,,,,,,,,,,,,,,,,,
,,,,,,,,,,,,,,,,,,,,,,,,,
,,,,,,,,,,,,,,,,,,,,,,,,,
,,,,,,,,,,,,,,,,,,,,,,,,,
,,,,,,,,,,,,,,,,,,,,,,,,,
,,,,,,,,,,,,,,,,,,,,,,,,,
,,,,,,,,,,,,,,,,,,,,,,,,,
,,,,,,,,,,,,,,,,,,,,,,,,,
,,,,,,,,,,,,,,,,,,,,,,,,,
,,,,,,,,,,,,,,,,,,,,,,,,,
,,,,,,,,,,,,,,,,,,,,,,,,,
,,,,,,,,,,,,,,,,,,,,,,,,,
,,,,,,,,,,,,,,,,,,,,,,,,,
,,,,,,,,,,,,,,,,,,,,,,,,,
,,,,,,,,,,,,,,,,,,,,,,,,,
,,,,,,,,,,,,,,,,,,,,,,,,,
,,,,,,,,,,,,,,,,,,,,,,,,,
,,,,,,,,,,,,,,,,,,,,,,,,,
,,,,,,,,,,,,,,,,,,,,,,,,,
,,,,,,,,,,,,,,,,,,,,,,,,,
,,,,,,,,,,,,,,,,,,,,,,,,,
,,,,,,,,,,,,,,,,,,,,,,,,,
,,,,,,,,,,,,,,,,,,,,,,,,,
,,,,,,,,,,,,,,,,,,,,,,,,,
,,,,,,,,,,,,,,,,,,,,,,,,,
,,,,,,,,,,,,,,,,,,,,,,,,,
,,,,,,,,,,,,,,,,,,,,,,,,,
,,,,,,,,,,,,,,,,,,,,,,,,,
,,,,,,,,,,,,,,,,,,,,,,,,,
,,,,,,,,,,,,,,,,,,,,,,,,,
,,,,,,,,,,,,,,,,,,,,,,,,,
,,,,,,,,,,,,,,,,,,,,,,,,,
,,,,,,,,,,,,,,,,,,,,,,,,,
,,,,,,,,,,,,,,,,,,,,,,,,,
,,,,,,,,,,,,,,,,,,,,,,,,,
,,,,,,,,,,,,,,,,,,,,,,,,,
,,,,,,,,,,,,,,,,,,,,,,,,,
,,,,,,,,,,,,,,,,,,,,,,,,,
,,,,,,,,,,,,,,,,,,,,,,,,,
,,,,,,,,,,,,,,,,,,,,,,,,,
,,,,,,,,,,,,,,,,,,,,,,,,,
,,,,,,,,,,,,,,,,,,,,,,,,,
,,,,,,,,,,,,,,,,,,,,,,,,,
,,,,,,,,,,,,,,,,,,,,,,,,,
,,,,,,,,,,,,,,,,,,,,,,,,,
,,,,,,,,,,,,,,,,,,,,,,,,,
,,,,,,,,,,,,,,,,,,,,,,,,,
,,,,,,,,,,,,,,,,,,,,,,,,,
,,,,,,,,,,,,,,,,,,,,,,,,,
,,,,,,,,,,,,,,,,,,,,,,,,,
,,,,,,,,,,,,,,,,,,,,,,,,,
,,,,,,,,,,,,,,,,,,,,,,,,,
,,,,,,,,,,,,,,,,,,,,,,,,,
,,,,,,,,,,,,,,,,,,,,,,,,,
,,,,,,,,,,,,,,,,,,,,,,,,,
,,,,,,,,,,,,,,,,,,,,,,,,,
,,,,,,,,,,,,,,,,,,,,,,,,,
,,,,,,,,,,,,,,,,,,,,,,,,,
,,,,,,,,,,,,,,,,,,,,,,,,,
,,,,,,,,,,,,,,,,,,,,,,,,,
,,,,,,,,,,,,,,,,,,,,,,,,,
,,,,,,,,,,,,,,,,,,,,,,,,,
,,,,,,,,,,,,,,,,,,,,,,,,,
,,,,,,,,,,,,,,,,,,,,,,,,,
,,,,,,,,,,,,,,,,,,,,,,,,,
,,,,,,,,,,,,,,,,,,,,,,,,,
,,,,,,,,,,,,,,,,,,,,,,,,,
,,,,,,,,,,,,,,,,,,,,,,,,,
,,,,,,,,,,,,,,,,,,,,,,,,,
,,,,,,,,,,,,,,,,,,,,,,,,,
,,,,,,,,,,,,,,,,,,,,,,,,,
,,,,,,,,,,,,,,,,,,,,,,,,,
,,,,,,,,,,,,,,,,,,,,,,,,,
,,,,,,,,,,,,,,,,,,,,,,,,,
,,,,,,,,,,,,,,,,,,,,,,,,,
,,,,,,,,,,,,,,,,,,,,,,,,,
,,,,,,,,,,,,,,,,,,,,,,,,,
,,,,,,,,,,,,,,,,,,,,,,,,,
,,,,,,,,,,,,,,,,,,,,,,,,,
,,,,,,,,,,,,,,,,,,,,,,,,,
,,,,,,,,,,,,,,,,,,,,,,,,,
,,,,,,,,,,,,,,,,,,,,,,,,,
,,,,,,,,,,,,,,,,,,,,,,,,,
,,,,,,,,,,,,,,,,,,,,,,,,,
,,,,,,,,,,,,,,,,,,,,,,,,,
,,,,,,,,,,,,,,,,,,,,,,,,,
,,,,,,,,,,,,,,,,,,,,,,,,,
,,,,,,,,,,,,,,,,,,,,,,,,,
,,,,,,,,,,,,,,,,,,,,,,,,,
,,,,,,,,,,,,,,,,,,,,,,,,,
,,,,,,,,,,,,,,,,,,,,,,,,,
,,,,,,,,,,,,,,,,,,,,,,,,,
,,,,,,,,,,,,,,,,,,,,,,,,,
,,,,,,,,,,,,,,,,,,,,,,,,,
,,,,,,,,,,,,,,,,,,,,,,,,,
,,,,,,,,,,,,,,,,,,,,,,,,,
,,,,,,,,,,,,,,,,,,,,,,,,,
,,,,,,,,,,,,,,,,,,,,,,,,,
,,,,,,,,,,,,,,,,,,,,,,,,,
,,,,,,,,,,,,,,,,,,,,,,,,,
,,,,,,,,,,,,,,,,,,,,,,,,,
,,,,,,,,,,,,,,,,,,,,,,,,,
,,,,,,,,,,,,,,,,,,,,,,,,,
,,,,,,,,,,,,,,,,,,,,,,,,,
,,,,,,,,,,,,,,,,,,,,,,,,,
,,,,,,,,,,,,,,,,,,,,,,,,,
,,,,,,,,,,,,,,,,,,,,,,,,,
,,,,,,,,,,,,,,,,,,,,,,,,,
,,,,,,,,,,,,,,,,,,,,,,,,,
,,,,,,,,,,,,,,,,,,,,,,,,,
,,,,,,,,,,,,,,,,,,,,,,,,,
,,,,,,,,,,,,,,,,,,,,,,,,,
,,,,,,,,,,,,,,,,,,,,,,,,,
,,,,,,,,,,,,,,,,,,,,,,,,,
,,,,,,,,,,,,,,,,,,,,,,,,,
,,,,,,,,,,,,,,,,,,,,,,,,,
,,,,,,,,,,,,,,,,,,,,,,,,,
,,,,,,,,,,,,,,,,,,,,,,,,,
,,,,,,,,,,,,,,,,,,,,,,,,,
,,,,,,,,,,,,,,,,,,,,,,,,,
,,,,,,,,,,,,,,,,,,,,,,,,,
,,,,,,,,,,,,,,,,,,,,,,,,,
,,,,,,,,,,,,,,,,,,,,,,,,,
,,,,,,,,,,,,,,,,,,,,,,,,,
,,,,,,,,,,,,,,,,,,,,,,,,,
,,,,,,,,,,,,,,,,,,,,,,,,,
,,,,,,,,,,,,,,,,,,,,,,,,,
,,,,,,,,,,,,,,,,,,,,,,,,,
,,,,,,,,,,,,,,,,,,,,,,,,,
,,,,,,,,,,,,,,,,,,,,,,,,,
,,,,,,,,,,,,,,,,,,,,,,,,,
,,,,,,,,,,,,,,,,,,,,,,,,,
,,,,,,,,,,,,,,,,,,,,,,,,,
,,,,,,,,,,,,,,,,,,,,,,,,,
,,,,,,,,,,,,,,,,,,,,,,,,,
,,,,,,,,,,,,,,,,,,,,,,,,,
,,,,,,,,,,,,,,,,,,,,,,,,,
,,,,,,,,,,,,,,,,,,,,,,,,,
,,,,,,,,,,,,,,,,,,,,,,,,,
,,,,,,,,,,,,,,,,,,,,,,,,,
,,,,,,,,,,,,,,,,,,,,,,,,,
,,,,,,,,,,,,,,,,,,,,,,,,,
,,,,,,,,,,,,,,,,,,,,,,,,,
,,,,,,,,,,,,,,,,,,,,,,,,,
,,,,,,,,,,,,,,,,,,,,,,,,,
,,,,,,,,,,,,,,,,,,,,,,,,,
,,,,,,,,,,,,,,,,,,,,,,,,,
,,,,,,,,,,,,,,,,,,,,,,,,,
,,,,,,,,,,,,,,,,,,,,,,,,,
,,,,,,,,,,,,,,,,,,,,,,,,,
,,,,,,,,,,,,,,,,,,,,,,,,,
,,,,,,,,,,,,,,,,,,,,,,,,,
,,,,,,,,,,,,,,,,,,,,,,,,,
,,,,,,,,,,,,,,,,,,,,,,,,,
,,,,,,,,,,,,,,,,,,,,,,,,,
,,,,,,,,,,,,,,,,,,,,,,,,,
,,,,,,,,,,,,,,,,,,,,,,,,,
,,,,,,,,,,,,,,,,,,,,,,,,,
,,,,,,,,,,,,,,,,,,,,,,,,,
,,,,,,,,,,,,,,,,,,,,,,,,,
,,,,,,,,,,,,,,,,,,,,,,,,,
,,,,,,,,,,,,,,,,,,,,,,,,,
,,,,,,,,,,,,,,,,,,,,,,,,,
,,,,,,,,,,,,,,,,,,,,,,,,,
,,,,,,,,,,,,,,,,,,,,,,,,,
,,,,,,,,,,,,,,,,,,,,,,,,,
,,,,,,,,,,,,,,,,,,,,,,,,,
,,,,,,,,,,,,,,,,,,,,,,,,,
,,,,,,,,,,,,,,,,,,,,,,,,,
,,,,,,,,,,,,,,,,,,,,,,,,,
,,,,,,,,,,,,,,,,,,,,,,,,,
,,,,,,,,,,,,,,,,,,,,,,,,,
,,,,,,,,,,,,,,,,,,,,,,,,,
,,,,,,,,,,,,,,,,,,,,,,,,,
,,,,,,,,,,,,,,,,,,,,,,,,,
,,,,,,,,,,,,,,,,,,,,,,,,,
,,,,,,,,,,,,,,,,,,,,,,,,,
,,,,,,,,,,,,,,,,,,,,,,,,,
,,,,,,,,,,,,,,,,,,,,,,,,,
,,,,,,,,,,,,,,,,,,,,,,,,,
,,,,,,,,,,,,,,,,,,,,,,,,,
,,,,,,,,,,,,,,,,,,,,,,,,,
,,,,,,,,,,,,,,,,,,,,,,,,,
,,,,,,,,,,,,,,,,,,,,,,,,,
,,,,,,,,,,,,,,,,,,,,,,,,,
,,,,,,,,,,,,,,,,,,,,,,,,,
,,,,,,,,,,,,,,,,,,,,,,,,,
,,,,,,,,,,,,,,,,,,,,,,,,,
,,,,,,,,,,,,,,,,,,,,,,,,,
,,,,,,,,,,,,,,,,,,,,,,,,,
,,,,,,,,,,,,,,,,,,,,,,,,,
,,,,,,,,,,,,,,,,,,,,,,,,,
,,,,,,,,,,,,,,,,,,,,,,,,,
,,,,,,,,,,,,,,,,,,,,,,,,,
,,,,,,,,,,,,,,,,,,,,,,,,,
,,,,,,,,,,,,,,,,,,,,,,,,,
,,,,,,,,,,,,,,,,,,,,,,,,,
,,,,,,,,,,,,,,,,,,,,,,,,,
,,,,,,,,,,,,,,,,,,,,,,,,,
,,,,,,,,,,,,,,,,,,,,,,,,,
,,,,,,,,,,,,,,,,,,,,,,,,,
,,,,,,,,,,,,,,,,,,,,,,,,,
,,,,,,,,,,,,,,,,,,,,,,,,,
,,,,,,,,,,,,,,,,,,,,,,,,,
,,,,,,,,,,,,,,,,,,,,,,,,,
,,,,,,,,,,,,,,,,,,,,,,,,,
,,,,,,,,,,,,,,,,,,,,,,,,,
,,,,,,,,,,,,,,,,,,,,,,,,,
,,,,,,,,,,,,,,,,,,,,,,,,,
,,,,,,,,,,,,,,,,,,,,,,,,,
,,,,,,,,,,,,,,,,,,,,,,,,,
,,,,,,,,,,,,,,,,,,,,,,,,,
,,,,,,,,,,,,,,,,,,,,,,,,,
,,,,,,,,,,,,,,,,,,,,,,,,,
,,,,,,,,,,,,,,,,,,,,,,,,,
,,,,,,,,,,,,,,,,,,,,,,,,,
,,,,,,,,,,,,,,,,,,,,,,,,,
,,,,,,,,,,,,,,,,,,,,,,,,,
,,,,,,,,,,,,,,,,,,,,,,,,,
,,,,,,,,,,,,,,,,,,,,,,,,,
,,,,,,,,,,,,,,,,,,,,,,,,,
,,,,,,,,,,,,,,,,,,,,,,,,,
,,,,,,,,,,,,,,,,,,,,,,,,,
,,,,,,,,,,,,,,,,,,,,,,,,,
,,,,,,,,,,,,,,,,,,,,,,,,,
,,,,,,,,,,,,,,,,,,,,,,,,,
,,,,,,,,,,,,,,,,,,,,,,,,,
,,,,,,,,,,,,,,,,,,,,,,,,,
,,,,,,,,,,,,,,,,,,,,,,,,,
,,,,,,,,,,,,,,,,,,,,,,,,,
,,,,,,,,,,,,,,,,,,,,,,,,,
,,,,,,,,,,,,,,,,,,,,,,,,,
,,,,,,,,,,,,,,,,,,,,,,,,,
,,,,,,,,,,,,,,,,,,,,,,,,,
,,,,,,,,,,,,,,,,,,,,,,,,,
,,,,,,,,,,,,,,,,,,,,,,,,,
,,,,,,,,,,,,,,,,,,,,,,,,,
,,,,,,,,,,,,,,,,,,,,,,,,,
,,,,,,,,,,,,,,,,,,,,,,,,,
,,,,,,,,,,,,,,,,,,,,,,,,,
,,,,,,,,,,,,,,,,,,,,,,,,,
,,,,,,,,,,,,,,,,,,,,,,,,,
,,,,,,,,,,,,,,,,,,,,,,,,,
,,,,,,,,,,,,,,,,,,,,,,,,,
,,,,,,,,,,,,,,,,,,,,,,,,,
,,,,,,,,,,,,,,,,,,,,,,,,,
,,,,,,,,,,,,,,,,,,,,,,,,,
,,,,,,,,,,,,,,,,,,,,,,,,,
,,,,,,,,,,,,,,,,,,,,,,,,,
,,,,,,,,,,,,,,,,,,,,,,,,,
,,,,,,,,,,,,,,,,,,,,,,,,,
,,,,,,,,,,,,,,,,,,,,,,,,,
,,,,,,,,,,,,,,,,,,,,,,,,,
,,,,,,,,,,,,,,,,,,,,,,,,,
,,,,,,,,,,,,,,,,,,,,,,,,,
,,,,,,,,,,,,,,,,,,,,,,,,,
,,,,,,,,,,,,,,,,,,,,,,,,,
,,,,,,,,,,,,,,,,,,,,,,,,,
,,,,,,,,,,,,,,,,,,,,,,,,,
,,,,,,,,,,,,,,,,,,,,,,,,,
,,,,,,,,,,,,,,,,,,,,,,,,,
,,,,,,,,,,,,,,,,,,,,,,,,,
,,,,,,,,,,,,,,,,,,,,,,,,,
,,,,,,,,,,,,,,,,,,,,,,,,,
,,,,,,,,,,,,,,,,,,,,,,,,,
,,,,,,,,,,,,,,,,,,,,,,,,,
,,,,,,,,,,,,,,,,,,,,,,,,,
,,,,,,,,,,,,,,,,,,,,,,,,,
,,,,,,,,,,,,,,,,,,,,,,,,,
,,,,,,,,,,,,,,,,,,,,,,,,,
,,,,,,,,,,,,,,,,,,,,,,,,,
,,,,,,,,,,,,,,,,,,,,,,,,,
,,,,,,,,,,,,,,,,,,,,,,,,,
,,,,,,,,,,,,,,,,,,,,,,,,,
,,,,,,,,,,,,,,,,,,,,,,,,,
,,,,,,,,,,,,,,,,,,,,,,,,,
,,,,,,,,,,,,,,,,,,,,,,,,,
,,,,,,,,,,,,,,,,,,,,,,,,,
,,,,,,,,,,,,,,,,,,,,,,,,,
,,,,,,,,,,,,,,,,,,,,,,,,,
,,,,,,,,,,,,,,,,,,,,,,,,,
,,,,,,,,,,,,,,,,,,,,,,,,,
,,,,,,,,,,,,,,,,,,,,,,,,,
,,,,,,,,,,,,,,,,,,,,,,,,,
,,,,,,,,,,,,,,,,,,,,,,,,,
,,,,,,,,,,,,,,,,,,,,,,,,,
,,,,,,,,,,,,,,,,,,,,,,,,,
,,,,,,,,,,,,,,,,,,,,,,,,,
,,,,,,,,,,,,,,,,,,,,,,,,,
,,,,,,,,,,,,,,,,,,,,,,,,,
,,,,,,,,,,,,,,,,,,,,,,,,,
,,,,,,,,,,,,,,,,,,,,,,,,,
,,,,,,,,,,,,,,,,,,,,,,,,,
,,,,,,,,,,,,,,,,,,,,,,,,,
,,,,,,,,,,,,,,,,,,,,,,,,,
,,,,,,,,,,,,,,,,,,,,,,,,,
,,,,,,,,,,,,,,,,,,,,,,,,,
,,,,,,,,,,,,,,,,,,,,,,,,,
,,,,,,,,,,,,,,,,,,,,,,,,,
,,,,,,,,,,,,,,,,,,,,,,,,,
,,,,,,,,,,,,,,,,,,,,,,,,,
,,,,,,,,,,,,,,,,,,,,,,,,,
,,,,,,,,,,,,,,,,,,,,,,,,,
,,,,,,,,,,,,,,,,,,,,,,,,,
,,,,,,,,,,,,,,,,,,,,,,,,,
,,,,,,,,,,,,,,,,,,,,,,,,,
,,,,,,,,,,,,,,,,,,,,,,,,,
,,,,,,,,,,,,,,,,,,,,,,,,,
,,,,,,,,,,,,,,,,,,,,,,,,,
,,,,,,,,,,,,,,,,,,,,,,,,,
,,,,,,,,,,,,,,,,,,,,,,,,,
,,,,,,,,,,,,,,,,,,,,,,,,,
,,,,,,,,,,,,,,,,,,,,,,,,,
,,,,,,,,,,,,,,,,,,,,,,,,,
,,,,,,,,,,,,,,,,,,,,,,,,,
,,,,,,,,,,,,,,,,,,,,,,,,,
,,,,,,,,,,,,,,,,,,,,,,,,,
,,,,,,,,,,,,,,,,,,,,,,,,,
,,,,,,,,,,,,,,,,,,,,,,,,,
,,,,,,,,,,,,,,,,,,,,,,,,,
,,,,,,,,,,,,,,,,,,,,,,,,,
,,,,,,,,,,,,,,,,,,,,,,,,,
,,,,,,,,,,,,,,,,,,,,,,,,,
,,,,,,,,,,,,,,,,,,,,,,,,,
,,,,,,,,,,,,,,,,,,,,,,,,,
,,,,,,,,,,,,,,,,,,,,,,,,,
,,,,,,,,,,,,,,,,,,,,,,,,,
,,,,,,,,,,,,,,,,,,,,,,,,,
,,,,,,,,,,,,,,,,,,,,,,,,,
,,,,,,,,,,,,,,,,,,,,,,,,,
,,,,,,,,,,,,,,,,,,,,,,,,,
,,,,,,,,,,,,,,,,,,,,,,,,,
